accuracy,precision,recall,f1_score,rouge1,rouge2,rougeL,meteor
0.382,0.145924,0.382,0.21117800289435598,0.026659249459012872,0.010705083862417551,0.024926751990887078,0.024117514099209342
